Owner,Repo,Author,ReviewId,State,SubmittedAt
willmcgugan,rich,willmcgugan,543303076,CHANGES_REQUESTED,1606949414000
willmcgugan,rich,willmcgugan,543303076,CHANGES_REQUESTED,1606949414000
willmcgugan,rich,willmcgugan,540377919,COMMENTED,1606579055000
willmcgugan,rich,sondrelg,540385954,COMMENTED,1606581111000
willmcgugan,rich,nathanrpage97,540462481,COMMENTED,1606642576000
willmcgugan,rich,sondrelg,540466329,COMMENTED,1606645526000
willmcgugan,rich,sondrelg,540466363,COMMENTED,1606645551000
willmcgugan,rich,willmcgugan,540508086,COMMENTED,1606677189000
willmcgugan,rich,willmcgugan,540508265,COMMENTED,1606677476000
willmcgugan,rich,nathanrpage97,540537353,COMMENTED,1606694093000
willmcgugan,rich,sondrelg,540679355,COMMENTED,1606724426000
willmcgugan,rich,sondrelg,540682602,COMMENTED,1606724723000
willmcgugan,rich,sondrelg,540696211,COMMENTED,1606725902000
willmcgugan,rich,sondrelg,541632966,COMMENTED,1606811449000
willmcgugan,rich,willmcgugan,521214347,COMMENTED,1604229684000
willmcgugan,rich,willmcgugan,516350953,CHANGES_REQUESTED,1603627304000
willmcgugan,rich,pwwang,516478188,COMMENTED,1603690614000
willmcgugan,rich,pwwang,516480709,COMMENTED,1603691180000
willmcgugan,rich,willmcgugan,521222897,CHANGES_REQUESTED,1604238334000
willmcgugan,rich,nathanrpage97,521228759,COMMENTED,1604240281000
willmcgugan,rich,nathanrpage97,521229118,COMMENTED,1604240528000
willmcgugan,rich,willmcgugan,521229189,COMMENTED,1604240574000
willmcgugan,rich,willmcgugan,521229336,COMMENTED,1604240667000
willmcgugan,rich,nathanrpage97,521230097,COMMENTED,1604241172000
willmcgugan,rich,nathanrpage97,521230277,COMMENTED,1604241302000
willmcgugan,rich,nathanrpage97,521230809,COMMENTED,1604241720000
willmcgugan,rich,nathanrpage97,521231229,COMMENTED,1604242063000
willmcgugan,rich,willmcgugan,521231441,COMMENTED,1604242209000
willmcgugan,rich,willmcgugan,543044514,COMMENTED,1606928309000
willmcgugan,rich,willmcgugan,543047861,COMMENTED,1606928771000
willmcgugan,rich,nathanrpage97,543681675,COMMENTED,1606981794000
willmcgugan,rich,nathanrpage97,543682036,COMMENTED,1606981829000
willmcgugan,rich,willmcgugan,508367458,CHANGES_REQUESTED,1602684055000
willmcgugan,rich,amartya-dev,508387872,COMMENTED,1602684559000
willmcgugan,rich,Edward-Knight,508714093,APPROVED,1602708279000
willmcgugan,rich,Edward-Knight,506101112,COMMENTED,1602340523000
willmcgugan,rich,willmcgugan,506103472,COMMENTED,1602341862000
willmcgugan,rich,Edward-Knight,506104874,COMMENTED,1602343086000
willmcgugan,rich,deppiedave64,506115323,COMMENTED,1602352676000
willmcgugan,rich,willmcgugan,506115434,COMMENTED,1602352778000
willmcgugan,rich,deppiedave64,506115515,COMMENTED,1602352854000
willmcgugan,rich,willmcgugan,506214820,COMMENTED,1602448990000
willmcgugan,rich,deppiedave64,506320836,COMMENTED,1602483791000
willmcgugan,rich,willmcgugan,506748474,COMMENTED,1602518817000
willmcgugan,rich,Edward-Knight,506098336,COMMENTED,1602339213000
willmcgugan,rich,willmcgugan,521226428,COMMENTED,1604238631000
willmcgugan,rich,willmcgugan,521226596,COMMENTED,1604238744000
willmcgugan,rich,ssbarnea,529105440,COMMENTED,1605189184000
willmcgugan,rich,willmcgugan,504575215,COMMENTED,1602147959000
willmcgugan,rich,ssbarnea,504704923,COMMENTED,1602158276000
willmcgugan,rich,ssbarnea,504705626,APPROVED,1602158330000
willmcgugan,rich,megaserg,504766141,COMMENTED,1602162741000
willmcgugan,rich,willmcgugan,504598127,COMMENTED,1602149603000
willmcgugan,rich,willmcgugan,504053505,COMMENTED,1602087615000
willmcgugan,rich,willmcgugan,504053696,COMMENTED,1602087628000
willmcgugan,rich,ssbarnea,504173250,COMMENTED,1602096622000
willmcgugan,rich,ssbarnea,504180043,COMMENTED,1602097184000
willmcgugan,rich,willmcgugan,504615124,COMMENTED,1602150817000
willmcgugan,rich,ssbarnea,504697876,COMMENTED,1602157672000
willmcgugan,rich,NicholasBlackburn1,501662893,COMMENTED,1601848636000
willmcgugan,rich,willmcgugan,501651080,CHANGES_REQUESTED,1601839556000
willmcgugan,rich,phase06,501911601,COMMENTED,1601892943000
willmcgugan,rich,phase06,501911977,COMMENTED,1601892979000
willmcgugan,rich,phase06,501912250,COMMENTED,1601893003000
willmcgugan,rich,willmcgugan,501571010,COMMENTED,1601755552000
willmcgugan,rich,amartya-dev,501573360,COMMENTED,1601758161000
willmcgugan,rich,willmcgugan,501617355,CHANGES_REQUESTED,1601821505000
willmcgugan,rich,amartya-dev,501638203,COMMENTED,1601828534000
willmcgugan,rich,amartya-dev,501638214,COMMENTED,1601828544000
willmcgugan,rich,amartya-dev,501638484,COMMENTED,1601828786000
willmcgugan,rich,willmcgugan,501638564,COMMENTED,1601828851000
willmcgugan,rich,willmcgugan,501641272,CHANGES_REQUESTED,1601831013000
willmcgugan,rich,amartya-dev,501642606,COMMENTED,1601832142000
willmcgugan,rich,willmcgugan,501642680,COMMENTED,1601832209000
willmcgugan,rich,willmcgugan,494792587,COMMENTED,1600875349000
willmcgugan,rich,willmcgugan,494793671,CHANGES_REQUESTED,1600875418000
willmcgugan,rich,willmcgugan,496279104,COMMENTED,1601027749000
willmcgugan,rich,ssbarnea,492610515,APPROVED,1600695587000
willmcgugan,rich,willmcgugan,491557467,APPROVED,1600442053000
willmcgugan,rich,willmcgugan,484951691,APPROVED,1599654214000
willmcgugan,rich,willmcgugan,474436077,APPROVED,1598359008000
willmcgugan,rich,willmcgugan,463096096,CHANGES_REQUESTED,1596791996000
willmcgugan,rich,hedythedev,463695150,COMMENTED,1596845333000
willmcgugan,rich,hedythedev,463695266,COMMENTED,1596845380000
willmcgugan,rich,hedythedev,463697584,COMMENTED,1596846204000
willmcgugan,rich,willmcgugan,463720401,COMMENTED,1596864929000
willmcgugan,rich,hedythedev,463731149,COMMENTED,1596870993000
willmcgugan,rich,willmcgugan,463816656,COMMENTED,1596907926000
willmcgugan,rich,willmcgugan,455933551,COMMENTED,1595866578000
willmcgugan,rich,nathanrpage97,455938310,COMMENTED,1595866917000
willmcgugan,rich,willmcgugan,417350731,COMMENTED,1590320683000
willmcgugan,rich,willmcgugan,417350970,COMMENTED,1590320902000
willmcgugan,rich,willmcgugan,417350985,COMMENTED,1590320913000
willmcgugan,rich,willmcgugan,408757977,COMMENTED,1589126193000
willmcgugan,rich,kkapka,408758959,COMMENTED,1589126914000
willmcgugan,rich,willmcgugan,409174280,COMMENTED,1589203939000
